{"A":[

		{
		"picId" : 43,
		"title" : "A_Beautician_A.jpg",
		"description" : "A_Beautician_A.jpg",
		"category":[ "N","N","Y","N","N","N"],		
		"Occupation" : "A_Beautician"
	},
	{
		"picId" : 44,
		"title" : "A_Beautician_B.jpg",
		"description" : "A_Beautician_B.jpg",
		"category":[ "N","N","Y","N","N","N"],
		
		"Occupation" : "A_Beautician"
	},
	{
		"picId" : 45,
		"title" : "A_Beautician_C.jpg",
		"description" : "A_Beautician_C.jpg",
		"category":[ "N",
		 "N",
		 "Y",
		 "N",
		 "N",
		 "N"],
		
		"Occupation" : "A_Beautician"
	},
	{
		"picId" : 46,
		"title" : "A_Hairstylist_A.jpg",
		"description" : "A_Hairstylist_A.jpg",
		"category":[ "N",
		 "N",
		 "Y",
		 "N",
		 "N",
		 "N"],
		
		"Occupation" : "A_Hair stylist"
	},
	{
		"picId" : 47,
		"title" : "A_Hairstylist_B.jpg",
		"description" : "A_Hairstylist_B.jpg",
		"category":[ "N",
		 "N",
		 "Y",
		 "N",
		 "N",
		 "N"],
		
		"Occupation" : "A_Hair stylist"
	},
	{
		"picId" : 48,
		"title" : "A_Hairstylist_C.jpg",
		"description" : "A_Hairstylist_C.jpg",
		"category":[ "N",
		 "N",
		 "Y",
		 "N",
		 "N",
		 "N"],
		
		"Occupation" : "A_Hair stylist"
	},
	{
		"picId" : 49,
		"title" : "A_Hairstylist_D.jpg",
		"description" : "A_Hairstylist_D.jpg",
		"category":[ "N",
		 "N",
		 "Y",
		 "N",
		 "N",
		 "N"],
		
		"Occupation" : "A_Hair stylist"
	},
	{
		"picId" : 50,
		"title" : "A_Photographer_A.jpg",
		"description" : "A_Photographer_A.jpg",
		"category":[ "N",
		 "N",
		 "Y",
		 "N",
		 "N",
		 "N"],
		
		"Occupation" : "A_Photographer"
	},
	{
		"picId" : 51,
		"title" : "A_Photographer_B.jpg",
		"description" : "A_Photographer_B.jpg",
		"category":[ "N",
		 "N",
		 "Y",
		 "N",
		 "N",
		 "N"],
		
		"Occupation" : "A_Photographer"
	},
	{
		"picId" : 52,
		"title" : "A_Photographer_C.jpg",
		"description" : "A_Photographer_C.jpg",
		"category":[ "N",
		 "N",
		 "Y",
		 "N",
		 "N",
		 "N"],
		
		"Occupation" : "A_Photographer"
	},
	{
		"picId" : 53,
		"title" : "A_Fashion Designer_A.jpg",
		"description" : "A_Fashion Designer_A.jpg",
		"category":[ "N",
		 "N",
		 "Y",
		 "N",
		 "N",
		 "N"],
		
		"Occupation" : "A_Fashion Designer"
	},
	{
		"picId" : 54,
		"title" : "A_Fashion Designer_B.jpg",
		"description" : "A_Fashion Designer_B.jpg",
		"category":[ "N",
		 "N",
		 "Y",
		 "N",
		 "N",
		 "N"],
		
		"Occupation" : "A_Fashion Designer"
	},
	{
		"picId" : 55,
		"title" : "A_Fashion Designer_C.jpg",
		"description" : "A_Fashion Designer_C.jpg",
		"category":[ "N",
		 "N",
		 "Y",
		 "N",
		 "N",
		 "N"],
		
		"Occupation" : "A_Fashion Designer"
	},
	{
		"picId" : 56,
		"title" : "A_Fashion Designer_D.jpg",
		"description" : "A_Fashion Designer_D.jpg",
		"category":[ "N",
		 "N",
		 "Y",
		 "N",
		 "N",
		 "N"],
		
		"Occupation" : "A_Fashion Designer"
	},
	{
		"picId" : 57,
		"title" : "A_Sculptor_A.jpg",
		"description" : "A_Sculptor_A.jpg",
		"category":[ "N",
		 "N",
		 "Y",
		 "N",
		 "N",
		 "N"],
		
		"Occupation" : "A_Sculptor"
	},
	{
		"picId" : 58,
		"title" : "A_Sculptor_B.jpg",
		"description" : "A_Sculptor_B.jpg",
		"category":[ "N",
		 "N",
		 "Y",
		 "N",
		 "N",
		 "N"],
		
		"Occupation" : "A_Sculptor"
	},
	{
		"picId" : 59,
		"title" : "A_Musician_A.jpg",
		"description" : "A_Musician_A.jpg",
		"category":[ "N",
		 "N",
		 "Y",
		 "N",
		 "N",
		 "N"],
		
		"Occupation" : "A_Musician"
	},
	{
		"picId" : 60,
		"title" : "A_Musician_B.jpg",
		"description" : "A_Musician_B.jpg",
		"category":[ "N",
		 "N",
		 "Y",
		 "N",
		 "N",
		 "N"],
		
		"Occupation" : "A_Musician"
	},
	{
		"picId" : 61,
		"title" : "A_Embroidery Designer_A.jpg",
		"description" : "A_Embroidery Designer_A.jpg",
		"category":[ "N",
		 "N",
		 "Y",
		 "N",
		 "N",
		 "N"],
		
		"Occupation" : "A_Embroidery designercalling"
	},
	{
		"picId" : 62,
		"title" : "A_Embroidery Designer_B.jpg",
		"description" : "A_Embroidery Designer_B.jpg",
		"category":[ "N",
		 "N",
		 "Y",
		 "N",
		 "N",
		 "N"],
		
		"Occupation" : "A_Embroidery designercalling"
	},
	{
		"picId" : 63,
		"title" : "A_Embroidery Designer_C.jpg",
		"description" : "A_Embroidery Designer_C.jpg",
		"category":[ "N",
		 "N",
		 "Y",
		 "N",
		 "N",
		 "N"],
		
		"Occupation" : "A_Embroidery designercalling"
	},
	{
		"picId" : 64,
		"title" : "A_Embroidery Designer_D.jpg",
		"description" : "A_Embroidery Designer_D.jpg",
		"category":[ "N",
		 "N",
		 "Y",
		 "N",
		 "N",
		 "N"],
		
		"Occupation" : "A_Embroidery designercalling"
	},
	{
		"picId" : 65,
		"title" : "A_Architect_A.jpg",
		"description" : "A_Architect_A.jpg",
		"category":[ "N",
		 "N",
		 "Y",
		 "N",
		 "N",
		 "N"],
		
		"Occupation" : "A_Architect"
	},
	{
		"picId" : 66,
		"title" : "A_Architect_B.jpg",
		"description" : "A_Architect_B.jpg",
		"category":[ "N",
		 "N",
		 "Y",
		 "N",
		 "N",
		 "N"],
		
		"Occupation" : "A_Architect"
	},
	{
		"picId" : 67,
		"title" : "A_Architect_C.jpg",
		"description" : "A_Architect_C.jpg",
		"category":[ "N",
		 "N",
		 "Y",
		 "N",
		 "N",
		 "N"],
		
		"Occupation" : "A_Architect"
	}
],	
	
	"C":[
	{
		"picId" : 69,
		"title" : "C_Call Centre Executive_B.jpg",
		"description" : "C_Call Centre Executive_B.jpg",
		"category":[ "N",
		 "N",
		 "N",
		 "N",
		 "N",
		 "Y"],
		
		"Occupation" : "C_Call Centre Executive"
	},
	{
		"picId" : 70,
		"title" : "C_Call Centre Executive_C.jpg",
		"description" : "C_Call Centre Executive_C.jpg",
		"category":[ "N",
		 "N",
		 "N",
		 "N",
		 "N",
		 "Y"],
		
		"Occupation" : "C_Call Centre Executive"
	},
	{
		"picId" : 71,
		"title" : "C_Call Centre Executive_D.jpg",
		"description" : "C_Call Centre Executive_D.jpg",
		"category":[ "N",
		 "N",
		 "N",
		 "N",
		 "N",
		 "Y"],
		
		"Occupation" : "C_Call Centre Executive"
	},
	{
		"picId" : 72,
		"title" : "C_Garment Packer_A.jpg",
		"description" : "C_Garment Packer_A.jpg",
		"category":[ "N",
		 "N",
		 "N",
		 "N",
		 "N",
		 "Y"],
		
		"Occupation" : "C_Garment Packer"
	},
	{
		"picId" : 73,
		"title" : "C_Garment Packer_B.jpg",
		"description" : "C_Garment Packer_B.jpg",
		"category":[ "N",
		 "N",
		 "N",
		 "N",
		 "N",
		 "Y"],
		
		"Occupation" : "C_Garment Packer"
	},
	{
		"picId" : 74,
		"title" : "C_Garment Packer_C.jpg",
		"description" : "C_Garment Packer_C.jpg",
		"category":[ "N",
		 "N",
		 "N",
		 "N",
		 "N",
		 "Y"],
		
		"Occupation" : "C_Garment Packer"
	},
	{
		"picId" : 75,
		"title" : "C_Garment Packer_D.jpg",
		"description" : "C_Garment Packer_D.jpg",
		"category":[ "N",
		 "N",
		 "N",
		 "N",
		 "N",
		 "Y"],
		
		"Occupation" : "C_Garment Packer"
	},
	{
		"picId" : 76,
		"title" : "C_Receptionist_A.jpg",
		"description" : "C_Receptionist_A.jpg",
		"category":[ "N",
		 "N",
		 "N",
		 "N",
		 "N",
		 "Y"],
		
		"Occupation" : "C_Office Recepionist"
	},
	{
		"picId" : 77,
		"title" : "C_Receptionist_B.jpg",
		"description" : "C_Receptionist_B.jpg",
		"category":[ "N",
		 "N",
		 "N",
		 "N",
		 "N",
		 "Y"],
		
		"Occupation" : "C_Office Recepionist"
	},
	{
		"picId" : 78,
		"title" : "C_Receptionist_C.jpg",
		"description" : "C_Receptionist_C.jpg",
		"category":[ "N",
		 "N",
		 "N",
		 "N",
		 "N",
		 "Y"],
		
		"Occupation" : "C_Office Recepionist"
	},
	{
		"picId" : 79,
		"title" : "C_Backoffice_A.jpg",
		"description" : "C_Backoffice_A.jpg",
		"category":[ "N",
		 "N",
		 "N",
		 "N",
		 "N",
		 "Y"],
		
		"Occupation" : "C_Backoffice"
	},
	{
		"picId" : 80,
		"title" : "C_Backoffice_B.jpg",
		"description" : "C_Backoffice_B.jpg",
		"category":[ "N",
		 "N",
		 "N",
		 "N",
		 "N",
		 "Y"],
		
		"Occupation" : "C_Backoffice"
	},
	{
		"picId" : 81,
		"title" : "C_Backoffice_C.jpg",
		"description" : "C_Backoffice_C.jpg",
		"category":[ "N",
		 "N",
		 "N",
		 "N",
		 "N",
		 "Y"],
		
		"Occupation" : "C_Backoffice"
	},
	{
		"picId" : 82,
		"title" : "C_Backoffice_D.jpg",
		"description" : "C_Backoffice_D.jpg",
		"category":[ "N",
		 "N",
		 "N",
		 "N",
		 "N",
		 "Y"],
		
		"Occupation" : "C_Backoffice"
	},
	{
		"picId" : 83,
		"title" : "C_Dataentry_A.jpg",
		"description" : "C_Dataentry_A.jpg",
		"category":[ "N",
		 "N",
		 "N",
		 "N",
		 "N",
		 "Y"],
		
		"Occupation" : "C_Data Entry"
	},
	{
		"picId" : 84,
		"title" : "C_Dataentry_B.jpg",
		"description" : "C_Dataentry_B.jpg",
		"category":[ "N",
		 "N",
		 "N",
		 "N",
		 "N",
		 "Y"],
		
		"Occupation" : "C_Data Entry"
	},
	{
		"picId" : 85,
		"title" : "C_Cargo Clerk_A.jpg",
		"description" : "C_Cargo Clerk_A.jpg",
		"category":[ "N",
		 "N",
		 "N",
		 "N",
		 "N",
		 "Y"],
		
		"Occupation" : "C_Cargo clerk"
	},
	{
		"picId" : 86,
		"title" : "C_Cargo Clerk_B.jpg",
		"description" : "C_Cargo Clerk_B.jpg",
		"category":[ "N",
		 "N",
		 "N",
		 "N",
		 "N",
		 "Y"],
		
		"Occupation" : "C_Cargo clerk"
	},
	{
		"picId" : 87,
		"title" : "C_Cargo Clerk_C.jpg",
		"description" : "C_Cargo Clerk_C.jpg",
		"category":[ "N",
		 "N",
		 "N",
		 "N",
		 "N",
		 "Y"],
		
		"Occupation" : "C_Cargo clerk"
	},
	{
		"picId" : 88,
		"title" : "C_Cargo Clerk_D.jpg",
		"description" : "C_Cargo Clerk_D.jpg",
		"category":[ "N",
		 "N",
		 "N",
		 "N",
		 "N",
		 "Y"],
		
		"Occupation" : "C_Cargo clerk"
	},
	{
		"picId" : 89,
		"title" : "C_Lobby Attendant_A.jpg",
		"description" : "C_Lobby Attendant_A.jpg",
		"category":[ "N",
		 "N",
		 "N",
		 "N",
		 "N",
		 "Y"],
		
		"Occupation" : "C_Lobby Attendant"
	},
	{
		"picId" : 90,
		"title" : "C_Lobby Attendant_B.jpg",
		"description" : "C_Lobby Attendant_B.jpg",
		"category":[ "N",
		 "N",
		 "N",
		 "N",
		 "N",
		 "Y"],
		
		"Occupation" : "C_Lobby Attendant"
	},
	{
		"picId" : 91,
		"title" : "C_Lobby Attendant_C.jpg",
		"description" : "C_Lobby Attendant_C.jpg",
		"category":[ "N",
		 "N",
		 "N",
		 "N",
		 "N",
		 "Y"],
		
		"Occupation" : "C_Lobby Attendant"
	},
	{
		"picId" : 92,
		"title" : "C_Housekeeping In Hotels_A.jpg",
		"description" : "C_Housekeeping In Hotels_A.jpg",
		"category":[ "N",
		 "N",
		 "N",
		 "N",
		 "N",
		 "Y"],
		
		"Occupation" : "C_Housekeeping In Hotels"
	},
	{
		"picId" : 93,
		"title" : "C_Housekeeping In Hotels_B.jpg",
		"description" : "C_Housekeeping In Hotels_B.jpg",
		"category":[ "N",
		 "N",
		 "N",
		 "N",
		 "N",
		 "Y"],
		
		"Occupation" : "C_Housekeeping In Hotels"
	},
	{
		"picId" : 94,
		"title" : "C_Housekeeping In Hotels_C.jpg",
		"description" : "C_Housekeeping In Hotels_C.jpg",
		"category":[ "N",
		 "N",
		 "N",
		 "N",
		 "N",
		 "Y"],
		
		"Occupation" : "C_Housekeeping In Hotels"
	}
	
	
	
],
	
	"E":[
	
		{
		"picId" : 95,
		"title" : "E_Garments Salesman_A.jpg",
		"description" : "E_Garments Salesman_A.jpg",
		"category":[ "N",
		 "N",
		 "N",
		 "N",
		 "Y",
		 "N"],
		
		"Occupation" : "E_Garment Salesmans"
	},
	{
		"picId" : 96,
		"title" : "E_Garments Salesman_B.jpg",
		"description" : "E_Garments Salesman_B.jpg",
		"category":[ "N",
		 "N",
		 "N",
		 "N",
		 "Y",
		 "N"],
		
		"Occupation" : "E_Garment Salesmans"
	},
	{
		"picId" : 97,
		"title" : "E_Businessman_A.jpg",
		"description" : "E_Businessman_A.jpg",
		"category":[ "N",
		 "N",
		 "N",
		 "N",
		 "Y",
		 "N"],
		
		"Occupation" : "E_Businessman"
	},
	{
		"picId" : 98,
		"title" : "E_Businessman_B.jpg",
		"description" : "E_Businessman_B.jpg",
		"category":[ "N",
		 "N",
		 "N",
		 "N",
		 "Y",
		 "N"],
		
		"Occupation" : "E_Businessman"
	},
	{
		"picId" : 99,
		"title" : "E_Politician_A.jpg",
		"description" : "E_Politician_A.jpg",
		"category":[ "N",
		 "N",
		 "N",
		 "N",
		 "Y",
		 "N"],
		
		"Occupation" : "E_Politician"
	},
	{
		"picId" : 100,
		"title" : "E_Automobile Salesman_A.jpg",
		"description" : "E_Automobile Salesman_A.jpg",
		"category":[ "N",
		 "N",
		 "N",
		 "N",
		 "Y",
		 "N"],
		
		"Occupation" : "E_Automobile Salesman"
	},
	{
		"picId" : 101,
		"title" : "E_Manager_A.jpg",
		"description" : "E_Manager_A.jpg",
		"category":[ "N",
		 "N",
		 "N",
		 "N",
		 "Y",
		 "N"],
		
		"Occupation" : "E_Manager"
	},
	{
		"picId" : 102,
		"title" : "E_Manager_B.jpg",
		"description" : "E_Manager_B.jpg",
		"category":[ "N",
		 "N",
		 "N",
		 "N",
		 "Y",
		 "N"],
		
		"Occupation" : "E_Manager"
	},
	{
		"picId" : 103,
		"title" : "E_Restaurant Manager_A.jpg",
		"description" : "E_Restaurant Manager_A.jpg",
		"category":[ "N",
		 "N",
		 "N",
		 "N",
		 "Y",
		 "N"],
		
		"Occupation" : "E_Restaurant Manager"
	},
	{
		"picId" : 104,
		"title" : "E_Restaurant Manager_B.jpg",
		"description" : "E_Restaurant Manager_B.jpg",
		"category":[ "N",
		 "N",
		 "N",
		 "N",
		 "Y",
		 "N"],
		
		"Occupation" : "E_Restaurant Manager"
	},
	{
		"picId" : 106,
		"title" : "E_HR Recruiter_B.jpg",
		"description" : "E_HR Recruiter_B.jpg",
		"category":[ "N",
		 "N",
		 "N",
		 "N",
		 "Y",
		 "N"],
		
		"Occupation" : "E_HR Recruiter"
	}
	
	],
	
	
	"I":[
	
     	{
		"picId" : 107,
		"title" : "I_Researcher_A.jpg",
		"description" : "I_Researcher_A.jpg",
		"category":[ "N",
		 "Y",
		 "N",
		 "N",
		 "N",
		 "N"],
		
		"Occupation" : "I_Researcher"
	},
	{
		"picId" : 108,
		"title" : "I_Researcher_B.jpg",
		"description" : "I_Researcher_B.jpg",
		"category":[ "N",
		 "Y",
		 "N",
		 "N",
		 "N",
		 "N"],
		
		"Occupation" : "I_Researcher"
	},
	{
		"picId" : 109,
		"title" : "I_Pharmicist_A.jpg",
		"description" : "I_Pharmicist_A.jpg",
		"category":[ "N",
		 "Y",
		 "N",
		 "N",
		 "N",
		 "N"],
		
		"Occupation" : "I_Pharmicist"
	},
	{
		"picId" : 110,
		"title" : "I_Pharmicist_B.jpg",
		"description" : "I_Pharmicist_B.jpg",
		"category":[ "N",
		 "Y",
		 "N",
		 "N",
		 "N",
		 "N"],
		
		"Occupation" : "I_Pharmicist"
	},
	{
		"picId" : 111,
		"title" : "I_Pharmicist_C.jpg",
		"description" : "I_Pharmicist_C.jpg",
		"category":[ "N",
		 "Y",
		 "N",
		 "N",
		 "N",
		 "N"],
		
		"Occupation" : "I_Pharmicist"
	},
	{
		"picId" : 112,
		"title" : "I_Optometrist_A.jpg",
		"description" : "I_Optometrist_A.jpg",
		"category":[ "N",
		 "Y",
		 "N",
		 "N",
		 "N",
		 "N"],
		
		"Occupation" : "I_Optometrist"
	},
	{
		"picId" : 113,
		"title" : "I_Optometrist_B.jpg",
		"description" : "I_Optometrist_B.jpg",
		"category":[ "N",
		 "Y",
		 "N",
		 "N",
		 "N",
		 "N"],
		
		"Occupation" : "I_Optometrist"
	},
	{
		"picId" : 114,
		"title" : "I_Lab Technician_A.jpg",
		"description" : "I_Lab Technician_A.jpg",
		"category":[ "N",
		 "Y",
		 "N",
		 "N",
		 "N",
		 "N"],
		
		"Occupation" : "I_Lab Technician"
	},
	{
		"picId" : 115,
		"title" : "I_Lab Technician_B.jpg",
		"description" : "I_Lab Technician_B.jpg",
		"category":[ "N",
		 "Y",
		 "N",
		 "N",
		 "N",
		 "N"],
		
		"Occupation" : "I_Lab Technician"
	},
	{
		"picId" : 116,
		"title" : "I_Lab Technician_C.jpg",
		"description" : "I_Lab Technician_C.jpg",
		"category":[ "N",
		 "Y",
		 "N",
		 "N",
		 "N",
		 "N"],
		
		"Occupation" : "I_Lab Technician"
	},
	{
		"picId" : 117,
		"title" : "I_Lab Technician_D.jpg",
		"description" : "I_Lab Technician_D.jpg",
		"category":[ "N",
		 "Y",
		 "N",
		 "N",
		 "N",
		 "N"],
		
		"Occupation" : "I_Lab Technician"
	},
	{
		"picId" : 118,
		"title" : "I_Astrnomer_A.jpg",
		"description" : "I_Astrnomer_A.jpg",
		"category":[ "N",
		 "Y",
		 "N",
		 "N",
		 "N",
		 "N"],
		
		"Occupation" : "I_Astronomer"
	},
	{
		"picId" : 119,
		"title" : "I_Astrnomer_B.jpg",
		"description" : "I_Astrnomer_B.jpg",
		"category":[ "N",
		 "Y",
		 "N",
		 "N",
		 "N",
		 "N"],
		
		"Occupation" : "I_Astronomer"
	},
	{
		"picId" : 120,
		"title" : "I_Astrnomer_C.jpg",
		"description" : "I_Astrnomer_C.jpg",
		"category":[ "N",
		 "Y",
		 "N",
		 "N",
		 "N",
		 "N"],
		
		"Occupation" : "I_Astronomer"
	},
	{
		"picId" : 121,
		"title" : "I_Chess_A.jpg",
		"description" : "I_Chess_A.jpg",
		"category":[ "N",
		 "Y",
		 "N",
		 "N",
		 "N",
		 "N"],
		
		"Occupation" : "I_Playing chess"
	},
	{
		"picId" : 122,
		"title" : "I_Chess_B.jpg",
		"description" : "I_Chess_B.jpg",
		"category":[ "N",
		 "Y",
		 "N",
		 "N",
		 "N",
		 "N"],
		
		"Occupation" : "I_Playing chess"
	},
	{
		"picId" : 123,
		"title" : "I_Botanist_A.jpg",
		"description" : "I_Botanist_A.jpg",
		"category":[ "N",
		 "Y",
		 "N",
		 "N",
		 "N",
		 "N"],
		
		"Occupation" : "I_Botanist"
	},
	{
		"picId" : 124,
		"title" : "I_Botanist_B.jpg",
		"description" : "I_Botanist_B.jpg",
		"category":[ "N",
		 "Y",
		 "N",
		 "N",
		 "N",
		 "N"],
		
		"Occupation" : "I_Botanist"
	},
	{
		"picId" : 125,
		"title" : "I_Scientist_A.jpg",
		"description" : "I_Scientist_A.jpg",
		"category":[ "N",
		 "Y",
		 "N",
		 "N",
		 "N",
		 "N"],
		
		"Occupation" : "I_Scientist"
	},
	{
		"picId" : 126,
		"title" : "I_Scientist_B.jpg",
		"description" : "I_Scientist_B.jpg",
		"category":[ "N",
		 "Y",
		 "N",
		 "N",
		 "N",
		 "N"],
		
		"Occupation" : "I_Scientist"
	}
	
	],
	"R":[
	{
		"picId" : 127,
		"title" : "R_Tailor_A.jpg",
		"description" : "R_Tailor_A.jpg",
		"category":[ "Y",
		 "N",
		 "N",
		 "N",
		 "N",
		 "N"],
		
		"Occupation" : "R_Tailoring"
	},
	{
		"picId" : 128,
		"title" : "R_Tailor_B.jpg",
		"description" : "R_Tailor_B.jpg",
		"category":[ "Y",
		 "N",
		 "N",
		 "N",
		 "N",
		 "N"],
		
		"Occupation" : "R_Tailoring"
	},
	{
		"picId" : 129,
		"title" : "R_Tailor_C.jpg",
		"description" : "R_Tailor_C.jpg",
		"category":[ "Y",
		 "N",
		 "N",
		 "N",
		 "N",
		 "N"],
		
		"Occupation" : "R_Tailoring"
	},
	{
		"picId" : 130,
		"title" : "R_Tailor_D.jpg",
		"description" : "R_Tailor_D.jpg",
		"category":[ "Y",
		 "N",
		 "N",
		 "N",
		 "N",
		 "N"],
		
		"Occupation" : "R_Tailoring"
	},
	{
		"picId" : 132,
		"title" : "R_Carpenter_B.jpg",
		"description" : "R_Carpenter_B.jpg",
		"category":[ "Y",
		 "N",
		 "N",
		 "N",
		 "N",
		 "N"],
		
		"Occupation" : "R_Carpenter"
	},
	{
		"picId" : 133,
		"title" : "R_Carpenter_C.jpg",
		"description" : "R_Carpenter_C.jpg",
		"category":[ "Y",
		 "N",
		 "N",
		 "N",
		 "N",
		 "N"],
		
		"Occupation" : "R_Carpenter"
	},
	{
		"picId" : 134,
		"title" : "R_Carpenter_D.jpg",
		"description" : "R_Carpenter_D.jpg",
		"category":[ "Y",
		 "N",
		 "N",
		 "N",
		 "N",
		 "N"],
		
		"Occupation" : "R_Carpenter"
	},
	{
		"picId" : 135,
		"title" : "R_Tyre Repairman_A.jpg",
		"description" : "R_Tyre Repairman_A.jpg",
		"category":[ "Y",
		 "N",
		 "N",
		 "N",
		 "N",
		 "N"],
		
		"Occupation" : "R_Tyre Repairman"
	},
	{
		"picId" : 136,
		"title" : "R_Tyre Repairman_B.jpg",
		"description" : "R_Tyre Repairman_B.jpg",
		"category":[ "Y",
		 "N",
		 "N",
		 "N",
		 "N",
		 "N"],
		
		"Occupation" : "R_Tyre Repairman"
	},
	{
		"picId" : 137,
		"title" : "R_Tyre Repairman_C.jpg",
		"description" : "R_Tyre Repairman_C.jpg",
		"category":[ "Y",
		 "N",
		 "N",
		 "N",
		 "N",
		 "N"],
		
		"Occupation" : "R_Tyre Repairman"
	},
	{
		"picId" : 138,
		"title" : "R_Tyre Repairman_D.jpg",
		"description" : "R_Tyre Repairman_D.jpg",
		"category":[ "Y",
		 "N",
		 "N",
		 "N",
		 "N",
		 "N"],
		
		"Occupation" : "R_Tyre Repairman"
	},
	{
		"picId" : 139,
		"title" : "R_Keymaker_A.jpg",
		"description" : "R_Keymaker_A.jpg",
		"category":[ "Y",
		 "N",
		 "N",
		 "N",
		 "N",
		 "N"],
		
		"Occupation" : "R_Keymaker"
	},
	{
		"picId" : 140,
		"title" : "R_Keymaker_B.jpg",
		"description" : "R_Keymaker_B.jpg",
		"category":[ "Y",
		 "N",
		 "N",
		 "N",
		 "N",
		 "N"],
		
		"Occupation" : "R_Keymaker"
	},
	{
		"picId" : 141,
		"title" : "R_Keymaker_C.jpg",
		"description" : "R_Keymaker_C.jpg",
		"category":[ "Y",
		 "N",
		 "N",
		 "N",
		 "N",
		 "N"],
		
		"Occupation" : "R_Keymaker"
	},
	{
		"picId" : 142,
		"title" : "R_Keymaker_D.jpg",
		"description" : "R_Keymaker_D.jpg",
		"category":[ "Y",
		 "N",
		 "N",
		 "N",
		 "N",
		 "N"],
		
		"Occupation" : "R_Keymaker"
	},
	{
		"picId" : 143,
		"title" : "R_Laundry Work_A.jpg",
		"description" : "R_Laundry Work_A.jpg",
		"category":[ "Y",
		 "N",
		 "N",
		 "N",
		 "N",
		 "N"],
		
		"Occupation" : "R_Laundry Work"
	},
	{
		"picId" : 144,
		"title" : "R_Laundry Work_B.jpg",
		"description" : "R_Laundry Work_B.jpg",
		"category":[ "Y",
		 "N",
		 "N",
		 "N",
		 "N",
		 "N"],
		
		"Occupation" : "R_Laundry Work"
	},
	{
		"picId" : 145,
		"title" : "R_Laundry Work_C.jpg",
		"description" : "R_Laundry Work_C.jpg",
		"category":[ "Y",
		 "N",
		 "N",
		 "N",
		 "N",
		 "N"],
		
		"Occupation" : "R_Laundry Work"
	},
	{
		"picId" : 146,
		"title" : "R_Laundry Work_D.jpg",
		"description" : "R_Laundry Work_D.jpg",
		"category":[ "Y",
		 "N",
		 "N",
		 "N",
		 "N",
		 "N"],
		
		"Occupation" : "R_Laundry Work"
	},
	{
		"picId" : 147,
		"title" : "R_AC Repair_A.jpg",
		"description" : "R_AC Repair_A.jpg",
		"category":[ "Y",
		 "N",
		 "N",
		 "N",
		 "N",
		 "N"],
		
		"Occupation" : "R_AC Repairman"
	},
	{
		"picId" : 148,
		"title" : "R_AC Repair_B.jpg",
		"description" : "R_AC Repair_B.jpg",
		"category":[ "Y",
		 "N",
		 "N",
		 "N",
		 "N",
		 "N"],
		
		"Occupation" : "R_AC Repairman"
	},
	{
		"picId" : 149,
		"title" : "R_AC Repair_C.jpg",
		"description" : "R_AC Repair_C.jpg",
		"category":[ "Y",
		 "N",
		 "N",
		 "N",
		 "N",
		 "N"],
		
		"Occupation" : "R_AC Repairman"
	},
	{
		"picId" : 150,
		"title" : "R_Construction Worker_A.jpg",
		"description" : "R_Construction Worker_A.jpg",
		"category":[ "Y",
		 "N",
		 "N",
		 "N",
		 "N",
		 "N"],
		
		"Occupation" : "R_Construction Worker"
	},
	{
		"picId" : 152,
		"title" : "R_Construction Worker_C.jpg",
		"description" : "R_Construction Worker_C.jpg",
		"category":[ "Y",
		 "N",
		 "N",
		 "N",
		 "N",
		 "N"],
		
		"Occupation" : "R_Construction Worker"
	},
	{
		"picId" : 153,
		"title" : "R_Construction Worker_D.jpg",
		"description" : "R_Construction Worker_D.jpg",
		"category":[ "Y",
		 "N",
		 "N",
		 "N",
		 "N",
		 "N"],
		
		"Occupation" : "R_Construction Worker"
	},
	{
		"picId" : 154,
		"title" : "R_Gardner_A.jpg",
		"description" : "R_Gardner_A.jpg",
		"category":[ "Y",
		 "N",
		 "N",
		 "N",
		 "N",
		 "N"],
		
		"Occupation" : "R_Gardner"
	},
	{
		"picId" : 155,
		"title" : "R_Gardner_B.jpg",
		"description" : "R_Gardner_B.jpg",
		"category":[ "Y",
		 "N",
		 "N",
		 "N",
		 "N",
		 "N"],
		
		"Occupation" : "R_Gardner"
	},
	{
		"picId" : 156,
		"title" : "R_Gardner_C.jpg",
		"description" : "R_Gardner_C.jpg",
		"category":[ "Y",
		 "N",
		 "N",
		 "N",
		 "N",
		 "N"],
		
		"Occupation" : "R_Gardner"
	},
	{
		"picId" : 157,
		"title" : "R_Gardner_D.jpg",
		"description" : "R_Gardner_D.jpg",
		"category":[ "Y",
		 "N",
		 "N",
		 "N",
		 "N",
		 "N"],
		
		"Occupation" : "R_Gardner"
	}
],
	
	"S":[
	
	{
		"picId" : 158,
		"title" : "S_Gym Instructor_A.jpg",
		"description" : "S_Gym Instructor_A.jpg",
		"category":[ "N",
		 "N",
		 "N",
		 "Y",
		 "N",
		 "N"],
		
		"Occupation" : "S_Gym Instructor"
	},
	{
		"picId" : 159,
		"title" : "S_Gym Instructor_B.jpg",
		"description" : "S_Gym Instructor_B.jpg",
		"category":[ "N",
		 "N",
		 "N",
		 "Y",
		 "N",
		 "N"],
		
		"Occupation" : "S_Gym Instructor"
	},
	{
		"picId" : 160,
		"title" : "S_Tour Guide_A.jpg",
		"description" : "S_Tour Guide_A.jpg",
		"category":[ "N",
		 "N",
		 "N",
		 "Y",
		 "N",
		 "N"],
		
		"Occupation" : "S_Tour Guide"
	},
	{
		"picId" : 161,
		"title" : "S_Tour Guide_B.jpg",
		"description" : "S_Tour Guide_B.jpg",
		"category":[ "N",
		 "N",
		 "N",
		 "Y",
		 "N",
		 "N"],
		
		"Occupation" : "S_Tour Guide"
	},
	{
		"picId" : 162,
		"title" : "S_Tour Guide_C.jpg",
		"description" : "S_Tour Guide_C.jpg",
		"category":[ "N",
		 "N",
		 "N",
		 "Y",
		 "N",
		 "N"],
		
		"Occupation" : "S_Tour Guide"
	},
	{
		"picId" : 163,
		"title" : "S_Tour Guide_D.jpg",
		"description" : "S_Tour Guide_D.jpg",
		"category":[ "N",
		 "N",
		 "N",
		 "Y",
		 "N",
		 "N"],
		
		"Occupation" : "S_Tour Guide"
	},
	{
		"picId" : 164,
		"title" : "S_Sports Coach_A.jpg",
		"description" : "S_Sports Coach_A.jpg",
		"category":[ "N",
		 "N",
		 "N",
		 "Y",
		 "N",
		 "N"],
		
		"Occupation" : "S_Sports Coach"
	},
	{
		"picId" : 165,
		"title" : "S_Sports Coach_B.jpg",
		"description" : "S_Sports Coach_B.jpg",
		"category":[ "N",
		 "N",
		 "N",
		 "Y",
		 "N",
		 "N"],
		
		"Occupation" : "S_Sports Coach"
	},
	{
		"picId" : 166,
		"title" : "S_Sports Coach_C.jpg",
		"description" : "S_Sports Coach_C.jpg",
		"category":[ "N",
		 "N",
		 "N",
		 "Y",
		 "N",
		 "N"],
		
		"Occupation" : "S_Sports Coach"
	},
	{
		"picId" : 167,
		"title" : "S_Sports Coach_D.jpg",
		"description" : "S_Sports Coach_D.jpg",
		"category":[ "N",
		 "N",
		 "N",
		 "Y",
		 "N",
		 "N"],
		
		"Occupation" : "S_Sports Coach"
	},
	{
		"picId" : 168,
		"title" : "S_Nurse_A.jpg",
		"description" : "S_Nurse_A.jpg",
		"category":[ "N",
		 "N",
		 "N",
		 "Y",
		 "N",
		 "N"],
		
		"Occupation" : "S_Nurse"
	},
	{
		"picId" : 169,
		"title" : "S_Nurse_B.jpg",
		"description" : "S_Nurse_B.jpg",
		"category":[ "N",
		 "N",
		 "N",
		 "Y",
		 "N",
		 "N"],
		
		"Occupation" : "S_Nurse"
	},
	{
		"picId" : 170,
		"title" : "S_Nurse_C.jpg",
		"description" : "S_Nurse_C.jpg",
		"category":[ "N",
		 "N",
		 "N",
		 "Y",
		 "N",
		 "N"],
		
		"Occupation" : "S_Nurse"
	},
	{
		"picId" : 171,
		"title" : "S_Hotel Concierge_A.jpg",
		"description" : "S_Hotel Concierge_A.jpg",
		"category":[ "N",
		 "N",
		 "N",
		 "Y",
		 "N",
		 "N"],
		
		"Occupation" : "S_Hotel Concierge"
	},
	{
		"picId" : 172,
		"title" : "S_Hotel Concierge_B.jpg",
		"description" : "S_Hotel Concierge_B.jpg",
		"category":[ "N",
		 "N",
		 "N",
		 "Y",
		 "N",
		 "N"],
		
		"Occupation" : "S_Hotel Concierge"
	},
	{
		"picId" : 173,
		"title" : "S_Hotel Concierge_C.jpg",
		"description" : "S_Hotel Concierge_C.jpg",
		"category":[ "N",
		 "N",
		 "N",
		 "Y",
		 "N",
		 "N"],
		
		"Occupation" : "S_Hotel Concierge"
	},
	{
		"picId" : 174,
		"title" : "S_Teacher_A.jpg",
		"description" : "S_Teacher_A.jpg",
		"category":[ "N",
		 "N",
		 "N",
		 "Y",
		 "N",
		 "N"],
		
		"Occupation" : "S_Teacher"
	},
	{
		"picId" : 175,
		"title" : "S_Teacher_B.jpg",
		"description" : "S_Teacher_B.jpg",
		"category":[ "N",
		 "N",
		 "N",
		 "Y",
		 "N",
		 "N"],
		
		"Occupation" : "S_Teacher"
	},
	{
		"picId" : 176,
		"title" : "S_Teacher_C.jpg",
		"description" : "S_Teacher_C.jpg",
		"category":[ "N",
		 "N",
		 "N",
		 "Y",
		 "N",
		 "N"],
		
		"Occupation" : "S_Teacher"
	},
	{
		"picId" : 177,
		"title" : "S_Teacher_D.jpg",
		"description" : "S_Teacher_D.jpg",
		"category":[ "N",
		 "N",
		 "N",
		 "Y",
		 "N",
		 "N"],
		
		"Occupation" : "S_Teacher"
	},
	{
		"picId" : 178,
		"title" : "S_Social Worker_A.jpg",
		"description" : "S_Social Worker_A.jpg",
		"category":[ "N",
		 "N",
		 "N",
		 "Y",
		 "N",
		 "N"],
		
		"Occupation" : "S_Social Worker"
	},
	{
		"picId" : 179,
		"title" : "S_Social Worker_B.jpg",
		"description" : "S_Social Worker_B.jpg",
		"category":[ "N",
		 "N",
		 "N",
		 "Y",
		 "N",
		 "N"],
		
		"Occupation" : "S_Social Worker"
	},
	{
		"picId" : 180,
		"title" : "S_Social Worker_C.jpg",
		"description" : "S_Social Worker_C.jpg",
		"category":[ "N",
		 "N",
		 "N",
		 "Y",
		 "N",
		 "N"],
		
		"Occupation" : "S_Social Worker"
	},
	{
		"picId" : 181,
		"title" : "S_Waiter_A.jpg",
		"description" : "S_Waiter_A.jpg",
		"category":[ "N",
		 "N",
		 "N",
		 "Y",
		 "N",
		 "N"],
		
		"Occupation" : "S_Waiter"
	},
	{
		"picId" : 182,
		"title" : "S_Waiter_B.jpg",
		"description" : "S_Waiter_B.jpg",
		"category":[ "N",
		 "N",
		 "N",
		 "Y",
		 "N",
		 "N"],
		
		"Occupation" : "S_Waiter"
	},
	{
		"picId" : 183,
		"title" : "S_Waiter_C.jpg",
		"description" : "S_Waiter_C.jpg",
		"category":[ "N",
		 "N",
		 "N",
		 "Y",
		 "N",
		 "N"],
		
		"Occupation" : "S_Waiter"
	}
	
]
}
